rel_path	width	height	us_bytes	status	eu_offsets	notes
billboard/bonus_stages/gotodiglettbonus_off.png	48	32	384	shared	05fa80	
billboard/bonus_stages/gotodiglettbonus_on.png	48	32	384	shared	05f900	
billboard/bonus_stages/gotogengarbonus_off.png	48	32	384	shared	05f180	
billboard/bonus_stages/gotogengarbonus_on.png	48	32	384	shared	05f000	
billboard/bonus_stages/gotomeowthbonus_off.png	48	32	384	shared	05f780	
billboard/bonus_stages/gotomeowthbonus_on.png	48	32	384	shared	05f600	
billboard/bonus_stages/gotomewtwobonus_off.png	48	32	384	shared	05f480	
billboard/bonus_stages/gotomewtwobonus_on.png	48	32	384	shared	05f300	
billboard/bonus_stages/gotoseelbonus_off.png	48	32	384	shared	05fd80	
billboard/bonus_stages/gotoseelbonus_on.png	48	32	384	shared	05fc00	
billboard/gotonext_off.png	48	32	384	shared	05ee80	
billboard/gotonext_on.png	48	32	384	shared	05ed00	
billboard/hurryup2_off.png	48	32	384	shared	05ab80,05eb80,062b80,066b80	
billboard/hurryup2_on.png	48	32	384	shared	05ea00	
billboard/hurryup_off.png	48	32	384	shared	05a880,05e880,062880,066880	
billboard/hurryup_on.png	48	32	384	shared	05e700	
billboard/maps/azaleatown.png	32	48	384	missing	-	
billboard/maps/blackthorncity.png	32	48	384	missing	-	
billboard/maps/burnedtower.png	32	48	384	missing	-	
billboard/maps/celadoncity.png	32	48	384	shared	0c6f00	
billboard/maps/ceruleancity.png	32	48	384	shared	0c6780	
billboard/maps/cinnabarisland.png	32	48	384	shared	0c7800	
billboard/maps/cyclingroad.png	32	48	384	shared	0c7080	
billboard/maps/darkcave.png	32	48	384	missing	-	
billboard/maps/ecruteakcity.png	32	48	384	missing	-	
billboard/maps/fuchsiacity.png	32	48	384	shared	0c7200	
billboard/maps/goldenrodcity.png	32	48	384	missing	-	
billboard/maps/icepath.png	32	48	384	missing	-	
billboard/maps/ilexforest.png	32	48	384	missing	-	
billboard/maps/indigoplateau.png	32	48	384	shared	0c7980	
billboard/maps/lakeofrage.png	32	48	384	missing	-	
billboard/maps/lavendertown.png	32	48	384	shared	0c6d80	
billboard/maps/mahoganytown.png	32	48	384	missing	-	
billboard/maps/mtmoon.png	32	48	384	shared	0c6600	
billboard/maps/mtmortar.png	32	48	384	missing	-	
billboard/maps/mtsilver.png	32	48	384	missing	-	
billboard/maps/nationalpark.png	32	48	384	missing	-	
billboard/maps/newbarktown.png	32	48	384	missing	-	
billboard/maps/olivinecity.png	32	48	384	missing	-	
billboard/maps/pallettown.png	32	48	384	shared	0ac100,0ae100,0b6100,0b8100	
billboard/maps/pewtercity.png	32	48	384	shared	0c6480	
billboard/maps/rockmountain.png	32	48	384	shared	0c6c00	
billboard/maps/ruinsofalph.png	32	48	384	missing	-	
billboard/maps/safarizone.png	32	48	384	shared	0c7380	
billboard/maps/saffroncity.png	32	48	384	shared	0ba100,0bc100,0be100,0c2100	
billboard/maps/seafoamislands.png	32	48	384	shared	0c7680	
billboard/maps/tintower.png	32	48	384	missing	-	
billboard/maps/vermilioncityseaside.png	32	48	384	shared	0c6900	
billboard/maps/vermilioncitystreets.png	32	48	384	shared	0c6a80	
billboard/maps/violetcity.png	32	48	384	missing	-	
billboard/maps/viridiancity.png	32	48	384	shared	0c6180	
billboard/maps/viridianforest.png	32	48	384	shared	0c6300	
billboard/maps/whirlislands.png	32	48	384	missing	-	
billboard/mon_animated/abra.w32.interleave.png	32	96	768	shared	075e00	
billboard/mon_animated/aerodactyl.w32.interleave.png	32	96	768	shared	071500	
billboard/mon_animated/aipom.w32.interleave.png	32	96	768	missing	-	
billboard/mon_animated/articuno.w32.interleave.png	32	96	768	shared	071b00	
billboard/mon_animated/bellsprout.w32.interleave.png	32	96	768	shared	076400	
billboard/mon_animated/bulbasaur.w32.interleave.png	32	96	768	shared	08c000	
billboard/mon_animated/caterpie.w32.interleave.png	32	96	768	shared	08c900	
billboard/mon_animated/celebi.w32.interleave.png	32	96	768	missing	-	
billboard/mon_animated/chansey.w32.interleave.png	32	96	768	shared	084900	
billboard/mon_animated/charmander.w32.interleave.png	32	96	768	shared	08c300	
billboard/mon_animated/chikorita.w32.interleave.png	32	96	768	missing	-	
billboard/mon_animated/chinchou.w32.interleave.png	32	96	768	missing	-	
billboard/mon_animated/clefairy.w32.interleave.png	32	96	768	shared	08e700	
billboard/mon_animated/corsola.w32.interleave.png	32	96	768	missing	-	
billboard/mon_animated/cubone.w32.interleave.png	32	96	768	shared	07a700	
billboard/mon_animated/cyndaquil.w32.interleave.png	32	96	768	missing	-	
billboard/mon_animated/delibird.w32.interleave.png	32	96	768	missing	-	
billboard/mon_animated/diglett.w32.interleave.png	32	96	768	shared	074c00	
billboard/mon_animated/ditto.w32.interleave.png	32	96	768	shared	070600	
billboard/mon_animated/doduo.w32.interleave.png	32	96	768	shared	078900	
billboard/mon_animated/dratini.w32.interleave.png	32	96	768	shared	072400	
billboard/mon_animated/drowzee.w32.interleave.png	32	96	768	shared	079b00	
billboard/mon_animated/dunsparce.w32.interleave.png	32	96	768	missing	-	
billboard/mon_animated/eevee.w32.interleave.png	32	96	768	shared	070900	
billboard/mon_animated/ekans.w32.interleave.png	32	96	768	shared	08d800	
billboard/mon_animated/electabuzz.w32.interleave.png	32	96	768	shared	086400	
billboard/mon_animated/entei.w32.interleave.png	32	96	768	missing	-	
billboard/mon_animated/exeggcute.w32.interleave.png	32	96	768	shared	07a400	
billboard/mon_animated/farfetch_d.w32.interleave.png	32	96	768	shared	078600	
billboard/mon_animated/gastly.w32.interleave.png	32	96	768	shared	079500	
billboard/mon_animated/geodude.w32.interleave.png	32	96	768	shared	076a00	
billboard/mon_animated/girafarig.w32.interleave.png	32	96	768	missing	-	
billboard/mon_animated/gligar.w32.interleave.png	32	96	768	missing	-	
billboard/mon_animated/goldeen.w32.interleave.png	32	96	768	shared	085500	
billboard/mon_animated/grimer.w32.interleave.png	32	96	768	shared	078f00	
billboard/mon_animated/growlithe.w32.interleave.png	32	96	768	shared	075800	
billboard/mon_animated/heracross.w32.interleave.png	32	96	768	missing	-	
billboard/mon_animated/hitmonchan.w32.interleave.png	32	96	768	shared	07ad00	
billboard/mon_animated/hitmonlee.w32.interleave.png	32	96	768	shared	07aa00	
billboard/mon_animated/ho_oh.w32.interleave.png	32	96	768	missing	-	
billboard/mon_animated/hoothoot.w32.interleave.png	32	96	768	missing	-	
billboard/mon_animated/hoppip.w32.interleave.png	32	96	768	missing	-	
billboard/mon_animated/horsea.w32.interleave.png	32	96	768	shared	085200	
billboard/mon_animated/houndour.w32.interleave.png	32	96	768	missing	-	
billboard/mon_animated/jigglypuff.w32.interleave.png	32	96	768	shared	08ed00	
billboard/mon_animated/jynx.w32.interleave.png	32	96	768	missing	-	
billboard/mon_animated/kabuto.w32.interleave.png	32	96	768	shared	071200	
billboard/mon_animated/kangaskhan.w32.interleave.png	32	96	768	shared	084f00	
billboard/mon_animated/koffing.w32.interleave.png	32	96	768	shared	084300	
billboard/mon_animated/krabby.w32.interleave.png	32	96	768	shared	079e00	
billboard/mon_animated/lapras.w32.interleave.png	32	96	768	shared	070300	
billboard/mon_animated/larvitar.w32.interleave.png	32	96	768	missing	-	
billboard/mon_animated/ledyba.w32.interleave.png	32	96	768	missing	-	
billboard/mon_animated/lickitung.w32.interleave.png	32	96	768	shared	084000	
billboard/mon_animated/lugia.w32.interleave.png	32	96	768	missing	-	
billboard/mon_animated/machop.w32.interleave.png	32	96	768	shared	076100	
billboard/mon_animated/magikarp.w32.interleave.png	32	96	768	shared	070000	
billboard/mon_animated/magmar.w32.interleave.png	32	96	768	shared	086700	
billboard/mon_animated/magnemite.w32.interleave.png	32	96	768	shared	078300	
billboard/mon_animated/mankey.w32.interleave.png	32	96	768	shared	075500	
billboard/mon_animated/mantine.w32.interleave.png	32	96	768	missing	-	
billboard/mon_animated/mareep.w32.interleave.png	32	96	768	missing	-	
billboard/mon_animated/marill.w32.interleave.png	32	96	768	missing	-	
billboard/mon_animated/meowth.w32.interleave.png	32	96	768	shared	074f00	
billboard/mon_animated/mew.w32.interleave.png	32	96	768	shared	072a00	
billboard/mon_animated/mewtwo.w32.interleave.png	32	96	768	shared	072700	
billboard/mon_animated/miltank.w32.interleave.png	32	96	768	missing	-	
billboard/mon_animated/misdreavus.w32.interleave.png	32	96	768	missing	-	
billboard/mon_animated/moltres.w32.interleave.png	32	96	768	shared	072100	
billboard/mon_animated/mr_mime.w32.interleave.png	32	96	768	shared	085b00	
billboard/mon_animated/murkrow.w32.interleave.png	32	96	768	missing	-	
billboard/mon_animated/natu.w32.interleave.png	32	96	768	missing	-	
billboard/mon_animated/nidoran_f.w32.interleave.png	32	96	768	shared	08e100	
billboard/mon_animated/nidoran_m.w32.interleave.png	32	96	768	shared	08e400	
billboard/mon_animated/oddish.w32.interleave.png	32	96	768	shared	074300	
billboard/mon_animated/omanyte.w32.interleave.png	32	96	768	shared	070f00	
billboard/mon_animated/onix.w32.interleave.png	32	96	768	shared	079800	
billboard/mon_animated/paras.w32.interleave.png	32	96	768	shared	074600	
billboard/mon_animated/phanpy.w32.interleave.png	32	96	768	missing	-	
billboard/mon_animated/pidgey.w32.interleave.png	32	96	768	shared	08cf00	
billboard/mon_animated/pikachu.w32.interleave.png	32	96	768	shared	08db00	
billboard/mon_animated/pineco.w32.interleave.png	32	96	768	missing	-	
billboard/mon_animated/pinsir.w32.interleave.png	32	96	768	shared	086a00	
billboard/mon_animated/poliwag.w32.interleave.png	32	96	768	shared	075b00	
billboard/mon_animated/ponyta.w32.interleave.png	32	96	768	shared	076d00	
billboard/mon_animated/porygon.w32.interleave.png	32	96	768	shared	070c00	
billboard/mon_animated/psyduck.w32.interleave.png	32	96	768	shared	075200	
billboard/mon_animated/qwilfish.w32.interleave.png	32	96	768	missing	-	
billboard/mon_animated/raikou.w32.interleave.png	32	96	768	missing	-	
billboard/mon_animated/rattata.w32.interleave.png	32	96	768	shared	08d200	
billboard/mon_animated/remoraid.w32.interleave.png	32	96	768	missing	-	
billboard/mon_animated/rhyhorn.w32.interleave.png	32	96	768	shared	084600	
billboard/mon_animated/sandshrew.w32.interleave.png	32	96	768	shared	08de00	
billboard/mon_animated/scyther.w32.interleave.png	32	96	768	shared	085e00	
billboard/mon_animated/seadra.w32.interleave.png	32	96	768	missing	-	
billboard/mon_animated/seel.w32.interleave.png	32	96	768	shared	078c00	
billboard/mon_animated/sentret.w32.interleave.png	32	96	768	missing	-	
billboard/mon_animated/shellder.w32.interleave.png	32	96	768	shared	079200	
billboard/mon_animated/shuckle.w32.interleave.png	32	96	768	missing	-	
billboard/mon_animated/skarmory.w32.interleave.png	32	96	768	missing	-	
billboard/mon_animated/slowpoke.w32.interleave.png	32	96	768	shared	078000	
billboard/mon_animated/slugma.w32.interleave.png	32	96	768	missing	-	
billboard/mon_animated/smeargle.w32.interleave.png	32	96	768	missing	-	
billboard/mon_animated/sneasel.w32.interleave.png	32	96	768	missing	-	
billboard/mon_animated/snorlax.w32.interleave.png	32	96	768	shared	071800	
billboard/mon_animated/snubbull.w32.interleave.png	32	96	768	missing	-	
billboard/mon_animated/spearow.w32.interleave.png	32	96	768	shared	08d500	
billboard/mon_animated/spinarak.w32.interleave.png	32	96	768	missing	-	
billboard/mon_animated/squirtle.w32.interleave.png	32	96	768	shared	08c600	
billboard/mon_animated/stantler.w32.interleave.png	32	96	768	missing	-	
billboard/mon_animated/staryu.w32.interleave.png	32	96	768	shared	085800	
billboard/mon_animated/sudowoodo.w32.interleave.png	32	96	768	missing	-	
billboard/mon_animated/suicune.w32.interleave.png	32	96	768	missing	-	
billboard/mon_animated/sunkern.w32.interleave.png	32	96	768	missing	-	
billboard/mon_animated/swinub.w32.interleave.png	32	96	768	missing	-	
billboard/mon_animated/tangela.w32.interleave.png	32	96	768	shared	084c00	
billboard/mon_animated/tauros.w32.interleave.png	32	96	768	shared	086d00	
billboard/mon_animated/teddiursa.w32.interleave.png	32	96	768	missing	-	
billboard/mon_animated/tentacool.w32.interleave.png	32	96	768	shared	076700	
billboard/mon_animated/togepi.w32.interleave.png	32	96	768	missing	-	
billboard/mon_animated/totodile.w32.interleave.png	32	96	768	missing	-	
billboard/mon_animated/tyrogue.w32.interleave.png	32	96	768	missing	-	
billboard/mon_animated/unown.w32.interleave.png	32	96	768	missing	-	
billboard/mon_animated/venonat.w32.interleave.png	32	96	768	shared	074900	
billboard/mon_animated/voltorb.w32.interleave.png	32	96	768	shared	07a100	
billboard/mon_animated/vulpix.w32.interleave.png	32	96	768	shared	08ea00	
billboard/mon_animated/weedle.w32.interleave.png	32	96	768	shared	08cc00	
billboard/mon_animated/wobbuffet.w32.interleave.png	32	96	768	missing	-	
billboard/mon_animated/wooper.w32.interleave.png	32	96	768	missing	-	
billboard/mon_animated/yanma.w32.interleave.png	32	96	768	missing	-	
billboard/mon_animated/zapdos.w32.interleave.png	32	96	768	shared	071e00	
billboard/mon_animated/zubat.w32.interleave.png	32	96	768	shared	074000	
billboard/mon_pics/abra.png	48	32	384	shared	09ea00	
billboard/mon_pics/aerodactyl.png	48	32	384	shared	082700	
billboard/mon_pics/aggron.png	48	32	384	missing	-	
billboard/mon_pics/aipom.png	48	32	384	missing	-	
billboard/mon_pics/alakazam.png	48	32	384	shared	098000	
billboard/mon_pics/ampharos.png	48	32	384	missing	-	
billboard/mon_pics/arbok.png	48	32	384	shared	0a5500	
billboard/mon_pics/arcanine.png	48	32	384	shared	09de00	
billboard/mon_pics/ariados.png	48	32	384	missing	-	
billboard/mon_pics/aron.png	48	32	384	missing	-	
billboard/mon_pics/articuno.png	48	32	384	shared	082d00	
billboard/mon_pics/azumarill.png	48	32	384	missing	-	
billboard/mon_pics/azurill.png	48	32	384	missing	-	
billboard/mon_pics/bayleef.png	48	32	384	missing	-	
billboard/mon_pics/beautifly.png	48	32	384	missing	-	
billboard/mon_pics/beedrill.png	48	32	384	shared	0aaa00	
billboard/mon_pics/bellossom.png	48	32	384	missing	-	
billboard/mon_pics/bellsprout.png	48	32	384	shared	098c00	
billboard/mon_pics/blastoise.png	48	32	384	shared	0a9800	
billboard/mon_pics/blaziken.png	48	32	384	missing	-	
billboard/mon_pics/blissey.png	48	32	384	missing	-	
billboard/mon_pics/breloom.png	48	32	384	missing	-	
billboard/mon_pics/bulbasaur.png	48	32	384	shared	0a8000	
billboard/mon_pics/butterfree.png	48	32	384	shared	0aa100	
billboard/mon_pics/camerupt.png	48	32	384	missing	-	
billboard/mon_pics/carvanha.png	48	32	384	missing	-	
billboard/mon_pics/cascoon.png	48	32	384	missing	-	
billboard/mon_pics/caterpie.png	48	32	384	shared	0a9b00	
billboard/mon_pics/celebi.png	48	32	384	missing	-	
billboard/mon_pics/chansey.png	48	32	384	shared	07c000	
billboard/mon_pics/charizard.png	48	32	384	shared	0a8f00	
billboard/mon_pics/charmander.png	48	32	384	shared	0a8900	
billboard/mon_pics/charmeleon.png	48	32	384	shared	0a8c00	
billboard/mon_pics/chikorita.png	48	32	384	missing	-	
billboard/mon_pics/chinchou.png	48	32	384	missing	-	
billboard/mon_pics/clefable.png	48	32	384	shared	0a0900	
billboard/mon_pics/clefairy.png	48	32	384	shared	0a0600	
billboard/mon_pics/cleffa.png	48	32	384	missing	-	
billboard/mon_pics/cloyster.png	48	32	384	shared	095e00	
billboard/mon_pics/combusken.png	48	32	384	missing	-	
billboard/mon_pics/corsola.png	48	32	384	missing	-	
billboard/mon_pics/crobat.png	48	32	384	missing	-	
billboard/mon_pics/croconaw.png	48	32	384	missing	-	
billboard/mon_pics/cubone.png	48	32	384	shared	091500	
billboard/mon_pics/cyndaquil.png	48	32	384	missing	-	
billboard/mon_pics/delcatty.png	48	32	384	missing	-	
billboard/mon_pics/delibird.png	48	32	384	missing	-	
billboard/mon_pics/dewgong.png	48	32	384	shared	095200	
billboard/mon_pics/diglett.png	48	32	384	shared	09c300	
billboard/mon_pics/ditto.png	48	32	384	shared	080900	
billboard/mon_pics/dodrio.png	48	32	384	shared	094c00	
billboard/mon_pics/doduo.png	48	32	384	shared	094900	
billboard/mon_pics/donphan.png	48	32	384	missing	-	
billboard/mon_pics/dragonair.png	48	32	384	shared	088900	
billboard/mon_pics/dragonite.png	48	32	384	shared	088c00	
billboard/mon_pics/dratini.png	48	32	384	shared	088600	
billboard/mon_pics/drowzee.png	48	32	384	shared	096d00	
billboard/mon_pics/dugtrio.png	48	32	384	shared	09c600	
billboard/mon_pics/dunsparce.png	48	32	384	missing	-	
billboard/mon_pics/dustox.png	48	32	384	missing	-	
billboard/mon_pics/eevee.png	48	32	384	shared	080c00	
billboard/mon_pics/egg.png	48	32	384	missing	-	
billboard/mon_pics/ekans.png	48	32	384	shared	0a5200	
billboard/mon_pics/electabuzz.png	48	32	384	shared	07e400	
billboard/mon_pics/electrike.png	48	32	384	missing	-	
billboard/mon_pics/electrode.png	48	32	384	shared	090c00	
billboard/mon_pics/elekid.png	48	32	384	missing	-	
billboard/mon_pics/entei.png	48	32	384	missing	-	
billboard/mon_pics/espeon.png	48	32	384	missing	-	
billboard/mon_pics/exeggcute.png	48	32	384	shared	090f00	
billboard/mon_pics/exeggutor.png	48	32	384	shared	091200	
billboard/mon_pics/exploud.png	48	32	384	missing	-	
billboard/mon_pics/farfetch_d.png	48	32	384	shared	094600	
billboard/mon_pics/fearow.png	48	32	384	shared	0a4f00	
billboard/mon_pics/feraligatr.png	48	32	384	missing	-	
billboard/mon_pics/flaaffy.png	48	32	384	missing	-	
billboard/mon_pics/flareon.png	48	32	384	shared	081500	
billboard/mon_pics/flygon.png	48	32	384	missing	-	
billboard/mon_pics/forretress.png	48	32	384	missing	-	
billboard/mon_pics/furret.png	48	32	384	missing	-	
billboard/mon_pics/gardevoir.png	48	32	384	missing	-	
billboard/mon_pics/gastly.png	48	32	384	shared	096100	
billboard/mon_pics/gengar.png	48	32	384	shared	096700	
billboard/mon_pics/geodude.png	48	32	384	shared	099b00	
billboard/mon_pics/girafarig.png	48	32	384	missing	-	
billboard/mon_pics/gligar.png	48	32	384	missing	-	
billboard/mon_pics/gloom.png	48	32	384	shared	0a2100	
billboard/mon_pics/golbat.png	48	32	384	shared	0a1b00	
billboard/mon_pics/goldeen.png	48	32	384	shared	07cf00	
billboard/mon_pics/golduck.png	48	32	384	shared	09d200	
billboard/mon_pics/golem.png	48	32	384	shared	09a100	
billboard/mon_pics/granbull.png	48	32	384	missing	-	
billboard/mon_pics/graveler.png	48	32	384	shared	099e00	
billboard/mon_pics/grimer.png	48	32	384	shared	095500	
billboard/mon_pics/grovyle.png	48	32	384	missing	-	
billboard/mon_pics/growlithe.png	48	32	384	shared	09db00	
billboard/mon_pics/grumpig.png	48	32	384	missing	-	
billboard/mon_pics/gulpin.png	48	32	384	missing	-	
billboard/mon_pics/gyarados.png	48	32	384	shared	080300	
billboard/mon_pics/hariyama.png	48	32	384	missing	-	
billboard/mon_pics/haunter.png	48	32	384	shared	096400	
billboard/mon_pics/heracross.png	48	32	384	missing	-	
billboard/mon_pics/hitmonchan.png	48	32	384	shared	091e00	
billboard/mon_pics/hitmonlee.png	48	32	384	shared	091b00	
billboard/mon_pics/hitmontop.png	48	32	384	missing	-	
billboard/mon_pics/ho_oh.png	48	32	384	missing	-	
billboard/mon_pics/hoothoot.png	48	32	384	missing	-	
billboard/mon_pics/hoppip.png	48	32	384	missing	-	
billboard/mon_pics/horsea.png	48	32	384	shared	07c900	
billboard/mon_pics/houndoom.png	48	32	384	missing	-	
billboard/mon_pics/houndour.png	48	32	384	missing	-	
billboard/mon_pics/hypno.png	48	32	384	shared	090000	
billboard/mon_pics/igglybuff.png	48	32	384	missing	-	
billboard/mon_pics/illumise.png	48	32	384	missing	-	
billboard/mon_pics/ivysaur.png	48	32	384	shared	0a8300	
billboard/mon_pics/jigglypuff.png	48	32	384	shared	0a1200	
billboard/mon_pics/jolteon.png	48	32	384	shared	081200	
billboard/mon_pics/jumpluff.png	48	32	384	missing	-	
billboard/mon_pics/jynx.png	48	32	384	missing	-	
billboard/mon_pics/kabuto.png	48	32	384	shared	082100	
billboard/mon_pics/kabutops.png	48	32	384	shared	082400	
billboard/mon_pics/kadabra.png	48	32	384	shared	09ed00	
billboard/mon_pics/kakuna.png	48	32	384	shared	0aa700	
billboard/mon_pics/kangaskhan.png	48	32	384	shared	07c600	
billboard/mon_pics/kingdra.png	48	32	384	missing	-	
billboard/mon_pics/kingler.png	48	32	384	shared	090600	
billboard/mon_pics/kirlia.png	48	32	384	missing	-	
billboard/mon_pics/koffing.png	48	32	384	shared	092400	
billboard/mon_pics/krabby.png	48	32	384	shared	090300	
billboard/mon_pics/lairon.png	48	32	384	missing	-	
billboard/mon_pics/lanturn.png	48	32	384	missing	-	
billboard/mon_pics/lapras.png	48	32	384	shared	080600	
billboard/mon_pics/larvitar.png	48	32	384	missing	-	
billboard/mon_pics/ledian.png	48	32	384	missing	-	
billboard/mon_pics/ledyba.png	48	32	384	missing	-	
billboard/mon_pics/lickitung.png	48	32	384	shared	092100	
billboard/mon_pics/linoone.png	48	32	384	missing	-	
billboard/mon_pics/lombre.png	48	32	384	missing	-	
billboard/mon_pics/lotad.png	48	32	384	missing	-	
billboard/mon_pics/loudred.png	48	32	384	missing	-	
billboard/mon_pics/ludicolo.png	48	32	384	missing	-	
billboard/mon_pics/lugia.png	48	32	384	missing	-	
billboard/mon_pics/machamp.png	48	32	384	shared	098900	
billboard/mon_pics/machoke.png	48	32	384	shared	098600	
billboard/mon_pics/machop.png	48	32	384	shared	098300	
billboard/mon_pics/magby.png	48	32	384	missing	-	
billboard/mon_pics/magcargo.png	48	32	384	missing	-	
billboard/mon_pics/magikarp.png	48	32	384	shared	080000	
billboard/mon_pics/magmar.png	48	32	384	shared	07e700	
billboard/mon_pics/magnemite.png	48	32	384	shared	094000	
billboard/mon_pics/magneton.png	48	32	384	shared	094300	
billboard/mon_pics/makuhita.png	48	32	384	missing	-	
billboard/mon_pics/manectric.png	48	32	384	missing	-	
billboard/mon_pics/mankey.png	48	32	384	shared	09d500	
billboard/mon_pics/mantine.png	48	32	384	missing	-	
billboard/mon_pics/mareep.png	48	32	384	missing	-	
billboard/mon_pics/marill.png	48	32	384	missing	-	
billboard/mon_pics/marowak.png	48	32	384	shared	091800	
billboard/mon_pics/marshtomp.png	48	32	384	missing	-	
billboard/mon_pics/masquerain.png	48	32	384	missing	-	
billboard/mon_pics/mawile.png	48	32	384	missing	-	
billboard/mon_pics/medicham.png	48	32	384	missing	-	
billboard/mon_pics/meditite.png	48	32	384	missing	-	
billboard/mon_pics/meganium.png	48	32	384	missing	-	
billboard/mon_pics/meowth.png	48	32	384	shared	09c900	
billboard/mon_pics/metapod.png	48	32	384	shared	0a9e00	
billboard/mon_pics/mew.png	48	32	384	shared	089200	
billboard/mon_pics/mewtwo.png	48	32	384	shared	088f00	
billboard/mon_pics/mightyena.png	48	32	384	missing	-	
billboard/mon_pics/miltank.png	48	32	384	missing	-	
billboard/mon_pics/minun.png	48	32	384	missing	-	
billboard/mon_pics/misdreavus.png	48	32	384	missing	-	
billboard/mon_pics/moltres.png	48	32	384	shared	088300	
billboard/mon_pics/mr_mime.png	48	32	384	shared	07db00	
billboard/mon_pics/mudkip.png	48	32	384	missing	-	
billboard/mon_pics/muk.png	48	32	384	shared	095800	
billboard/mon_pics/murkrow.png	48	32	384	missing	-	
billboard/mon_pics/natu.png	48	32	384	missing	-	
billboard/mon_pics/nidoking.png	48	32	384	shared	0a0300	
billboard/mon_pics/nidoqueen.png	48	32	384	shared	0a6a00	
billboard/mon_pics/nidoran_f.png	48	32	384	shared	0a6400	
billboard/mon_pics/nidoran_m.png	48	32	384	shared	0a6d00	
billboard/mon_pics/nidorina.png	48	32	384	shared	0a6700	
billboard/mon_pics/nidorino.png	48	32	384	shared	0a0000	
billboard/mon_pics/nincada.png	48	32	384	missing	-	
billboard/mon_pics/ninetales.png	48	32	384	shared	0a0f00	
billboard/mon_pics/ninjask.png	48	32	384	missing	-	
billboard/mon_pics/noctowl.png	48	32	384	missing	-	
billboard/mon_pics/nosepass.png	48	32	384	missing	-	
billboard/mon_pics/numel.png	48	32	384	missing	-	
billboard/mon_pics/nuzleaf.png	48	32	384	missing	-	
billboard/mon_pics/octillery.png	48	32	384	missing	-	
billboard/mon_pics/oddish.png	48	32	384	shared	0a1e00	
billboard/mon_pics/omanyte.png	48	32	384	shared	081b00	
billboard/mon_pics/omastar.png	48	32	384	shared	081e00	
billboard/mon_pics/onix.png	48	32	384	shared	096a00	
billboard/mon_pics/paras.png	48	32	384	shared	0a2700	
billboard/mon_pics/parasect.png	48	32	384	shared	0a2a00	
billboard/mon_pics/pelipper.png	48	32	384	missing	-	
billboard/mon_pics/persian.png	48	32	384	shared	09cc00	
billboard/mon_pics/phanpy.png	48	32	384	missing	-	
billboard/mon_pics/pichu.png	48	32	384	missing	-	
billboard/mon_pics/pidgeot.png	48	32	384	shared	0a4300	
billboard/mon_pics/pidgeotto.png	48	32	384	shared	0a4000	
billboard/mon_pics/pidgey.png	48	32	384	shared	0aad00	
billboard/mon_pics/pikachu.png	48	32	384	shared	0a5800	
billboard/mon_pics/piloswine.png	48	32	384	missing	-	
billboard/mon_pics/pineco.png	48	32	384	missing	-	
billboard/mon_pics/pinsir.png	48	32	384	shared	07ea00	
billboard/mon_pics/plusle.png	48	32	384	missing	-	
billboard/mon_pics/politoed.png	48	32	384	missing	-	
billboard/mon_pics/poliwag.png	48	32	384	shared	09e100	
billboard/mon_pics/poliwhirl.png	48	32	384	shared	09e400	
billboard/mon_pics/poliwrath.png	48	32	384	shared	09e700	
billboard/mon_pics/ponyta.png	48	32	384	shared	09a400	
billboard/mon_pics/poochyena.png	48	32	384	missing	-	
billboard/mon_pics/porygon.png	48	32	384	shared	081800	
billboard/mon_pics/porygon2.png	48	32	384	missing	-	
billboard/mon_pics/primeape.png	48	32	384	shared	09d800	
billboard/mon_pics/psyduck.png	48	32	384	shared	09cf00	
billboard/mon_pics/pupitar.png	48	32	384	missing	-	
billboard/mon_pics/quagsire.png	48	32	384	missing	-	
billboard/mon_pics/quilava.png	48	32	384	missing	-	
billboard/mon_pics/qwilfish.png	48	32	384	missing	-	
billboard/mon_pics/raichu.png	48	32	384	shared	0a5b00	
billboard/mon_pics/raikou.png	48	32	384	missing	-	
billboard/mon_pics/ralts.png	48	32	384	missing	-	
billboard/mon_pics/rapidash.png	48	32	384	shared	09a700	
billboard/mon_pics/raticate.png	48	32	384	shared	0a4900	
billboard/mon_pics/rattata.png	48	32	384	shared	0a4600	
billboard/mon_pics/remoraid.png	48	32	384	missing	-	
billboard/mon_pics/rhydon.png	48	32	384	shared	092d00	
billboard/mon_pics/rhyhorn.png	48	32	384	shared	092a00	
billboard/mon_pics/roselia.png	48	32	384	missing	-	
billboard/mon_pics/sableye.png	48	32	384	missing	-	
billboard/mon_pics/sandshrew.png	48	32	384	shared	0a5e00	
billboard/mon_pics/sandslash.png	48	32	384	shared	0a6100	
billboard/mon_pics/sceptile.png	48	32	384	missing	-	
billboard/mon_pics/scizor.png	48	32	384	missing	-	
billboard/mon_pics/scyther.png	48	32	384	shared	07de00	
billboard/mon_pics/seadra.png	48	32	384	shared	07cc00	
billboard/mon_pics/seaking.png	48	32	384	shared	07d200	
billboard/mon_pics/seedot.png	48	32	384	missing	-	
billboard/mon_pics/seel.png	48	32	384	shared	094f00	
billboard/mon_pics/sentret.png	48	32	384	missing	-	
billboard/mon_pics/sharpedo.png	48	32	384	missing	-	
billboard/mon_pics/shedinja.png	48	32	384	missing	-	
billboard/mon_pics/shellder.png	48	32	384	shared	095b00	
billboard/mon_pics/shiftry.png	48	32	384	missing	-	
billboard/mon_pics/shroomish.png	48	32	384	missing	-	
billboard/mon_pics/shuckle.png	48	32	384	missing	-	
billboard/mon_pics/silcoon.png	48	32	384	missing	-	
billboard/mon_pics/skarmory.png	48	32	384	missing	-	
billboard/mon_pics/skiploom.png	48	32	384	missing	-	
billboard/mon_pics/skitty.png	48	32	384	missing	-	
billboard/mon_pics/slaking.png	48	32	384	missing	-	
billboard/mon_pics/slakoth.png	48	32	384	missing	-	
billboard/mon_pics/slowbro.png	48	32	384	shared	09ad00	
billboard/mon_pics/slowking.png	48	32	384	missing	-	
billboard/mon_pics/slowpoke.png	48	32	384	shared	09aa00	
billboard/mon_pics/slugma.png	48	32	384	missing	-	
billboard/mon_pics/smeargle.png	48	32	384	missing	-	
billboard/mon_pics/smoochum.png	48	32	384	missing	-	
billboard/mon_pics/sneasel.png	48	32	384	missing	-	
billboard/mon_pics/snorlax.png	48	32	384	shared	082a00	
billboard/mon_pics/snubbull.png	48	32	384	missing	-	
billboard/mon_pics/spearow.png	48	32	384	shared	0a4c00	
billboard/mon_pics/spinarak.png	48	32	384	missing	-	
billboard/mon_pics/spinda.png	48	32	384	missing	-	
billboard/mon_pics/spoink.png	48	32	384	missing	-	
billboard/mon_pics/squirtle.png	48	32	384	shared	0a9200	
billboard/mon_pics/stantler.png	48	32	384	missing	-	
billboard/mon_pics/starmie.png	48	32	384	shared	07d800	
billboard/mon_pics/staryu.png	48	32	384	shared	07d500	
billboard/mon_pics/steelix.png	48	32	384	missing	-	
billboard/mon_pics/sudowoodo.png	48	32	384	missing	-	
billboard/mon_pics/suicune.png	48	32	384	missing	-	
billboard/mon_pics/sunflora.png	48	32	384	missing	-	
billboard/mon_pics/sunkern.png	48	32	384	missing	-	
billboard/mon_pics/surskit.png	48	32	384	missing	-	
billboard/mon_pics/swalot.png	48	32	384	missing	-	
billboard/mon_pics/swampert.png	48	32	384	missing	-	
billboard/mon_pics/swellow.png	48	32	384	missing	-	
billboard/mon_pics/swinub.png	48	32	384	missing	-	
billboard/mon_pics/taillow.png	48	32	384	missing	-	
billboard/mon_pics/tangela.png	48	32	384	shared	07c300	
billboard/mon_pics/tauros.png	48	32	384	shared	07ed00	
billboard/mon_pics/teddiursa.png	48	32	384	missing	-	
billboard/mon_pics/tentacool.png	48	32	384	shared	099500	
billboard/mon_pics/tentacruel.png	48	32	384	shared	099800	
billboard/mon_pics/togepi.png	48	32	384	missing	-	
billboard/mon_pics/togetic.png	48	32	384	missing	-	
billboard/mon_pics/torchic.png	48	32	384	missing	-	
billboard/mon_pics/torkoal.png	48	32	384	missing	-	
billboard/mon_pics/totodile.png	48	32	384	missing	-	
billboard/mon_pics/trapinch.png	48	32	384	missing	-	
billboard/mon_pics/treecko.png	48	32	384	missing	-	
billboard/mon_pics/typhlosion.png	48	32	384	missing	-	
billboard/mon_pics/tyranitar.png	48	32	384	missing	-	
billboard/mon_pics/tyrogue.png	48	32	384	missing	-	
billboard/mon_pics/umbreon.png	48	32	384	missing	-	
billboard/mon_pics/unown.png	48	32	384	missing	-	
billboard/mon_pics/ursaring.png	48	32	384	missing	-	
billboard/mon_pics/vaporeon.png	48	32	384	shared	080f00	
billboard/mon_pics/venomoth.png	48	32	384	shared	09c000	
billboard/mon_pics/venonat.png	48	32	384	shared	0a2d00	
billboard/mon_pics/venusaur.png	48	32	384	shared	0a8600	
billboard/mon_pics/vibrava.png	48	32	384	missing	-	
billboard/mon_pics/victreebell.png	48	32	384	shared	099200	
billboard/mon_pics/vigoroth.png	48	32	384	missing	-	
billboard/mon_pics/vileplume.png	48	32	384	shared	0a2400	
billboard/mon_pics/volbeat.png	48	32	384	missing	-	
billboard/mon_pics/voltorb.png	48	32	384	shared	090900	
billboard/mon_pics/vulpix.png	48	32	384	shared	0a0c00	
billboard/mon_pics/wailmer.png	48	32	384	missing	-	
billboard/mon_pics/wailord.png	48	32	384	missing	-	
billboard/mon_pics/wartortle.png	48	32	384	shared	0a9500	
billboard/mon_pics/weedle.png	48	32	384	shared	0aa400	
billboard/mon_pics/weepinbell.png	48	32	384	shared	098f00	
billboard/mon_pics/weezing.png	48	32	384	shared	092700	
billboard/mon_pics/whismur.png	48	32	384	missing	-	
billboard/mon_pics/wigglytuff.png	48	32	384	shared	0a1500	
billboard/mon_pics/wingull.png	48	32	384	missing	-	
billboard/mon_pics/wobbuffet.png	48	32	384	missing	-	
billboard/mon_pics/wooper.png	48	32	384	missing	-	
billboard/mon_pics/wurmple.png	48	32	384	missing	-	
billboard/mon_pics/xatu.png	48	32	384	missing	-	
billboard/mon_pics/yanma.png	48	32	384	missing	-	
billboard/mon_pics/zapdos.png	48	32	384	shared	088000	
billboard/mon_pics/zigzagoon.png	48	32	384	missing	-	
billboard/mon_pics/zubat.png	48	32	384	shared	0a1800	
billboard/mon_silhouettes/abra.png	48	32	384	shared	09eb80	
billboard/mon_silhouettes/aerodactyl.png	48	32	384	shared	082880	
billboard/mon_silhouettes/aggron.png	48	32	384	missing	-	
billboard/mon_silhouettes/aipom.png	48	32	384	missing	-	
billboard/mon_silhouettes/alakazam.png	48	32	384	shared	098180	
billboard/mon_silhouettes/ampharos.png	48	32	384	missing	-	
billboard/mon_silhouettes/arbok.png	48	32	384	shared	0a5680	
billboard/mon_silhouettes/arcanine.png	48	32	384	shared	09df80	
billboard/mon_silhouettes/ariados.png	48	32	384	missing	-	
billboard/mon_silhouettes/aron.png	48	32	384	missing	-	
billboard/mon_silhouettes/articuno.png	48	32	384	shared	082e80	
billboard/mon_silhouettes/azumarill.png	48	32	384	missing	-	
billboard/mon_silhouettes/azurill.png	48	32	384	missing	-	
billboard/mon_silhouettes/bayleef.png	48	32	384	missing	-	
billboard/mon_silhouettes/beautifly.png	48	32	384	missing	-	
billboard/mon_silhouettes/beedrill.png	48	32	384	shared	0aab80	
billboard/mon_silhouettes/bellossom.png	48	32	384	missing	-	
billboard/mon_silhouettes/bellsprout.png	48	32	384	shared	098d80	
billboard/mon_silhouettes/blastoise.png	48	32	384	shared	0a9980	
billboard/mon_silhouettes/blaziken.png	48	32	384	missing	-	
billboard/mon_silhouettes/blissey.png	48	32	384	missing	-	
billboard/mon_silhouettes/breloom.png	48	32	384	missing	-	
billboard/mon_silhouettes/bulbasaur.png	48	32	384	shared	0a8180	
billboard/mon_silhouettes/butterfree.png	48	32	384	shared	0aa280	
billboard/mon_silhouettes/camerupt.png	48	32	384	missing	-	
billboard/mon_silhouettes/carvanha.png	48	32	384	missing	-	
billboard/mon_silhouettes/cascoon.png	48	32	384	missing	-	
billboard/mon_silhouettes/caterpie.png	48	32	384	shared	0a9c80	
billboard/mon_silhouettes/celebi.png	48	32	384	missing	-	
billboard/mon_silhouettes/chansey.png	48	32	384	shared	07c180	
billboard/mon_silhouettes/charizard.png	48	32	384	shared	0a9080	
billboard/mon_silhouettes/charmander.png	48	32	384	shared	0a8a80	
billboard/mon_silhouettes/charmeleon.png	48	32	384	shared	0a8d80	
billboard/mon_silhouettes/chikorita.png	48	32	384	missing	-	
billboard/mon_silhouettes/chinchou.png	48	32	384	missing	-	
billboard/mon_silhouettes/clefable.png	48	32	384	shared	0a0a80	
billboard/mon_silhouettes/clefairy.png	48	32	384	shared	0a0780	
billboard/mon_silhouettes/cleffa.png	48	32	384	missing	-	
billboard/mon_silhouettes/cloyster.png	48	32	384	shared	095f80	
billboard/mon_silhouettes/combusken.png	48	32	384	missing	-	
billboard/mon_silhouettes/corsola.png	48	32	384	missing	-	
billboard/mon_silhouettes/crobat.png	48	32	384	missing	-	
billboard/mon_silhouettes/croconaw.png	48	32	384	missing	-	
billboard/mon_silhouettes/cubone.png	48	32	384	shared	091680	
billboard/mon_silhouettes/cyndaquil.png	48	32	384	missing	-	
billboard/mon_silhouettes/delcatty.png	48	32	384	missing	-	
billboard/mon_silhouettes/delibird.png	48	32	384	missing	-	
billboard/mon_silhouettes/dewgong.png	48	32	384	shared	095380	
billboard/mon_silhouettes/diglett.png	48	32	384	shared	09c480	
billboard/mon_silhouettes/ditto.png	48	32	384	shared	080a80	
billboard/mon_silhouettes/dodrio.png	48	32	384	shared	094d80	
billboard/mon_silhouettes/doduo.png	48	32	384	shared	094a80	
billboard/mon_silhouettes/donphan.png	48	32	384	missing	-	
billboard/mon_silhouettes/dragonair.png	48	32	384	shared	088a80	
billboard/mon_silhouettes/dragonite.png	48	32	384	shared	088d80	
billboard/mon_silhouettes/dratini.png	48	32	384	shared	088780	
billboard/mon_silhouettes/drowzee.png	48	32	384	shared	096e80	
billboard/mon_silhouettes/dugtrio.png	48	32	384	shared	09c780	
billboard/mon_silhouettes/dunsparce.png	48	32	384	missing	-	
billboard/mon_silhouettes/dustox.png	48	32	384	missing	-	
billboard/mon_silhouettes/eevee.png	48	32	384	shared	080d80	
billboard/mon_silhouettes/ekans.png	48	32	384	shared	0a5380	
billboard/mon_silhouettes/electabuzz.png	48	32	384	shared	07e580	
billboard/mon_silhouettes/electrike.png	48	32	384	missing	-	
billboard/mon_silhouettes/electrode.png	48	32	384	shared	090d80	
billboard/mon_silhouettes/elekid.png	48	32	384	missing	-	
billboard/mon_silhouettes/entei.png	48	32	384	missing	-	
billboard/mon_silhouettes/espeon.png	48	32	384	missing	-	
billboard/mon_silhouettes/exeggcute.png	48	32	384	shared	091080	
billboard/mon_silhouettes/exeggutor.png	48	32	384	shared	091380	
billboard/mon_silhouettes/exploud.png	48	32	384	missing	-	
billboard/mon_silhouettes/farfetch_d.png	48	32	384	shared	094780	
billboard/mon_silhouettes/fearow.png	48	32	384	shared	0a5080	
billboard/mon_silhouettes/feraligatr.png	48	32	384	missing	-	
billboard/mon_silhouettes/flaaffy.png	48	32	384	missing	-	
billboard/mon_silhouettes/flareon.png	48	32	384	shared	081680	
billboard/mon_silhouettes/flygon.png	48	32	384	missing	-	
billboard/mon_silhouettes/forretress.png	48	32	384	missing	-	
billboard/mon_silhouettes/furret.png	48	32	384	missing	-	
billboard/mon_silhouettes/gardevoir.png	48	32	384	missing	-	
billboard/mon_silhouettes/gastly.png	48	32	384	shared	096280	
billboard/mon_silhouettes/gengar.png	48	32	384	shared	096880	
billboard/mon_silhouettes/geodude.png	48	32	384	shared	099c80	
billboard/mon_silhouettes/girafarig.png	48	32	384	missing	-	
billboard/mon_silhouettes/gligar.png	48	32	384	missing	-	
billboard/mon_silhouettes/gloom.png	48	32	384	shared	0a2280	
billboard/mon_silhouettes/golbat.png	48	32	384	shared	0a1c80	
billboard/mon_silhouettes/goldeen.png	48	32	384	shared	07d080	
billboard/mon_silhouettes/golduck.png	48	32	384	shared	09d380	
billboard/mon_silhouettes/golem.png	48	32	384	shared	09a280	
billboard/mon_silhouettes/granbull.png	48	32	384	missing	-	
billboard/mon_silhouettes/graveler.png	48	32	384	shared	099f80	
billboard/mon_silhouettes/grimer.png	48	32	384	shared	095680	
billboard/mon_silhouettes/grovyle.png	48	32	384	missing	-	
billboard/mon_silhouettes/growlithe.png	48	32	384	shared	09dc80	
billboard/mon_silhouettes/grumpig.png	48	32	384	missing	-	
billboard/mon_silhouettes/gulpin.png	48	32	384	missing	-	
billboard/mon_silhouettes/gyarados.png	48	32	384	shared	080480	
billboard/mon_silhouettes/hariyama.png	48	32	384	missing	-	
billboard/mon_silhouettes/haunter.png	48	32	384	shared	096580	
billboard/mon_silhouettes/heracross.png	48	32	384	missing	-	
billboard/mon_silhouettes/hitmonchan.png	48	32	384	shared	091f80	
billboard/mon_silhouettes/hitmonlee.png	48	32	384	shared	091c80	
billboard/mon_silhouettes/hitmontop.png	48	32	384	missing	-	
billboard/mon_silhouettes/ho_oh.png	48	32	384	missing	-	
billboard/mon_silhouettes/hoothoot.png	48	32	384	missing	-	
billboard/mon_silhouettes/hoppip.png	48	32	384	missing	-	
billboard/mon_silhouettes/horsea.png	48	32	384	shared	07ca80	
billboard/mon_silhouettes/houndoom.png	48	32	384	missing	-	
billboard/mon_silhouettes/houndour.png	48	32	384	missing	-	
billboard/mon_silhouettes/hypno.png	48	32	384	shared	090180	
billboard/mon_silhouettes/igglybuff.png	48	32	384	missing	-	
billboard/mon_silhouettes/illumise.png	48	32	384	missing	-	
billboard/mon_silhouettes/ivysaur.png	48	32	384	shared	0a8480	
billboard/mon_silhouettes/jigglypuff.png	48	32	384	shared	0a1380	
billboard/mon_silhouettes/jolteon.png	48	32	384	shared	081380	
billboard/mon_silhouettes/jumpluff.png	48	32	384	missing	-	
billboard/mon_silhouettes/jynx.png	48	32	384	missing	-	
billboard/mon_silhouettes/kabuto.png	48	32	384	shared	082280	
billboard/mon_silhouettes/kabutops.png	48	32	384	shared	082580	
billboard/mon_silhouettes/kadabra.png	48	32	384	shared	09ee80	
billboard/mon_silhouettes/kakuna.png	48	32	384	shared	0aa880	
billboard/mon_silhouettes/kangaskhan.png	48	32	384	shared	07c780	
billboard/mon_silhouettes/kingdra.png	48	32	384	missing	-	
billboard/mon_silhouettes/kingler.png	48	32	384	shared	090780	
billboard/mon_silhouettes/kirlia.png	48	32	384	missing	-	
billboard/mon_silhouettes/koffing.png	48	32	384	shared	092580	
billboard/mon_silhouettes/krabby.png	48	32	384	shared	090480	
billboard/mon_silhouettes/lairon.png	48	32	384	missing	-	
billboard/mon_silhouettes/lanturn.png	48	32	384	missing	-	
billboard/mon_silhouettes/lapras.png	48	32	384	shared	080780	
billboard/mon_silhouettes/larvitar.png	48	32	384	missing	-	
billboard/mon_silhouettes/ledian.png	48	32	384	missing	-	
billboard/mon_silhouettes/ledyba.png	48	32	384	missing	-	
billboard/mon_silhouettes/lickitung.png	48	32	384	shared	092280	
billboard/mon_silhouettes/linoone.png	48	32	384	missing	-	
billboard/mon_silhouettes/lombre.png	48	32	384	missing	-	
billboard/mon_silhouettes/lotad.png	48	32	384	missing	-	
billboard/mon_silhouettes/loudred.png	48	32	384	missing	-	
billboard/mon_silhouettes/ludicolo.png	48	32	384	missing	-	
billboard/mon_silhouettes/lugia.png	48	32	384	missing	-	
billboard/mon_silhouettes/machamp.png	48	32	384	shared	098a80	
billboard/mon_silhouettes/machoke.png	48	32	384	shared	098780	
billboard/mon_silhouettes/machop.png	48	32	384	shared	098480	
billboard/mon_silhouettes/magby.png	48	32	384	missing	-	
billboard/mon_silhouettes/magcargo.png	48	32	384	missing	-	
billboard/mon_silhouettes/magikarp.png	48	32	384	shared	080180	
billboard/mon_silhouettes/magmar.png	48	32	384	shared	07e880	
billboard/mon_silhouettes/magnemite.png	48	32	384	shared	094180	
billboard/mon_silhouettes/magneton.png	48	32	384	shared	094480	
billboard/mon_silhouettes/makuhita.png	48	32	384	missing	-	
billboard/mon_silhouettes/manectric.png	48	32	384	missing	-	
billboard/mon_silhouettes/mankey.png	48	32	384	shared	09d680	
billboard/mon_silhouettes/mantine.png	48	32	384	missing	-	
billboard/mon_silhouettes/mareep.png	48	32	384	missing	-	
billboard/mon_silhouettes/marill.png	48	32	384	missing	-	
billboard/mon_silhouettes/marowak.png	48	32	384	shared	091980	
billboard/mon_silhouettes/marshtomp.png	48	32	384	missing	-	
billboard/mon_silhouettes/masquerain.png	48	32	384	missing	-	
billboard/mon_silhouettes/mawile.png	48	32	384	missing	-	
billboard/mon_silhouettes/medicham.png	48	32	384	missing	-	
billboard/mon_silhouettes/meditite.png	48	32	384	missing	-	
billboard/mon_silhouettes/meganium.png	48	32	384	missing	-	
billboard/mon_silhouettes/meowth.png	48	32	384	shared	09ca80	
billboard/mon_silhouettes/metapod.png	48	32	384	shared	0a9f80	
billboard/mon_silhouettes/mew.png	48	32	384	shared	089380	
billboard/mon_silhouettes/mewtwo.png	48	32	384	shared	089080	
billboard/mon_silhouettes/mightyena.png	48	32	384	missing	-	
billboard/mon_silhouettes/miltank.png	48	32	384	missing	-	
billboard/mon_silhouettes/minun.png	48	32	384	missing	-	
billboard/mon_silhouettes/misdreavus.png	48	32	384	missing	-	
billboard/mon_silhouettes/moltres.png	48	32	384	shared	088480	
billboard/mon_silhouettes/mr_mime.png	48	32	384	shared	07dc80	
billboard/mon_silhouettes/mudkip.png	48	32	384	missing	-	
billboard/mon_silhouettes/muk.png	48	32	384	shared	095980	
billboard/mon_silhouettes/murkrow.png	48	32	384	missing	-	
billboard/mon_silhouettes/natu.png	48	32	384	missing	-	
billboard/mon_silhouettes/nidoking.png	48	32	384	shared	0a0480	
billboard/mon_silhouettes/nidoqueen.png	48	32	384	shared	0a6b80	
billboard/mon_silhouettes/nidoran_f.png	48	32	384	shared	0a6580	
billboard/mon_silhouettes/nidoran_m.png	48	32	384	shared	0a6e80	
billboard/mon_silhouettes/nidorina.png	48	32	384	shared	0a6880	
billboard/mon_silhouettes/nidorino.png	48	32	384	shared	0a0180	
billboard/mon_silhouettes/nincada.png	48	32	384	missing	-	
billboard/mon_silhouettes/ninetales.png	48	32	384	shared	0a1080	
billboard/mon_silhouettes/ninjask.png	48	32	384	missing	-	
billboard/mon_silhouettes/noctowl.png	48	32	384	missing	-	
billboard/mon_silhouettes/nosepass.png	48	32	384	missing	-	
billboard/mon_silhouettes/numel.png	48	32	384	missing	-	
billboard/mon_silhouettes/nuzleaf.png	48	32	384	missing	-	
billboard/mon_silhouettes/octillery.png	48	32	384	missing	-	
billboard/mon_silhouettes/oddish.png	48	32	384	shared	0a1f80	
billboard/mon_silhouettes/omanyte.png	48	32	384	shared	081c80	
billboard/mon_silhouettes/omastar.png	48	32	384	shared	081f80	
billboard/mon_silhouettes/onix.png	48	32	384	shared	096b80	
billboard/mon_silhouettes/paras.png	48	32	384	shared	0a2880	
billboard/mon_silhouettes/parasect.png	48	32	384	shared	0a2b80	
billboard/mon_silhouettes/pelipper.png	48	32	384	missing	-	
billboard/mon_silhouettes/persian.png	48	32	384	shared	09cd80	
billboard/mon_silhouettes/phanpy.png	48	32	384	missing	-	
billboard/mon_silhouettes/pichu.png	48	32	384	missing	-	
billboard/mon_silhouettes/pidgeot.png	48	32	384	shared	0a4480	
billboard/mon_silhouettes/pidgeotto.png	48	32	384	shared	0a4180	
billboard/mon_silhouettes/pidgey.png	48	32	384	shared	0aae80	
billboard/mon_silhouettes/pikachu.png	48	32	384	shared	0a5980	
billboard/mon_silhouettes/piloswine.png	48	32	384	missing	-	
billboard/mon_silhouettes/pineco.png	48	32	384	missing	-	
billboard/mon_silhouettes/pinsir.png	48	32	384	shared	07eb80	
billboard/mon_silhouettes/plusle.png	48	32	384	missing	-	
billboard/mon_silhouettes/politoed.png	48	32	384	missing	-	
billboard/mon_silhouettes/poliwag.png	48	32	384	shared	09e280	
billboard/mon_silhouettes/poliwhirl.png	48	32	384	shared	09e580	
billboard/mon_silhouettes/poliwrath.png	48	32	384	shared	09e880	
billboard/mon_silhouettes/ponyta.png	48	32	384	shared	09a580	
billboard/mon_silhouettes/poochyena.png	48	32	384	missing	-	
billboard/mon_silhouettes/porygon.png	48	32	384	shared	081980	
billboard/mon_silhouettes/porygon2.png	48	32	384	missing	-	
billboard/mon_silhouettes/primeape.png	48	32	384	shared	09d980	
billboard/mon_silhouettes/psyduck.png	48	32	384	shared	09d080	
billboard/mon_silhouettes/pupitar.png	48	32	384	missing	-	
billboard/mon_silhouettes/quagsire.png	48	32	384	missing	-	
billboard/mon_silhouettes/quilava.png	48	32	384	missing	-	
billboard/mon_silhouettes/qwilfish.png	48	32	384	missing	-	
billboard/mon_silhouettes/raichu.png	48	32	384	shared	0a5c80	
billboard/mon_silhouettes/raikou.png	48	32	384	missing	-	
billboard/mon_silhouettes/ralts.png	48	32	384	missing	-	
billboard/mon_silhouettes/rapidash.png	48	32	384	shared	09a880	
billboard/mon_silhouettes/raticate.png	48	32	384	shared	0a4a80	
billboard/mon_silhouettes/rattata.png	48	32	384	shared	0a4780	
billboard/mon_silhouettes/remoraid.png	48	32	384	missing	-	
billboard/mon_silhouettes/rhydon.png	48	32	384	shared	092e80	
billboard/mon_silhouettes/rhyhorn.png	48	32	384	shared	092b80	
billboard/mon_silhouettes/roselia.png	48	32	384	missing	-	
billboard/mon_silhouettes/sableye.png	48	32	384	missing	-	
billboard/mon_silhouettes/sandshrew.png	48	32	384	shared	0a5f80	
billboard/mon_silhouettes/sandslash.png	48	32	384	shared	0a6280	
billboard/mon_silhouettes/sceptile.png	48	32	384	missing	-	
billboard/mon_silhouettes/scizor.png	48	32	384	missing	-	
billboard/mon_silhouettes/scyther.png	48	32	384	shared	07df80	
billboard/mon_silhouettes/seadra.png	48	32	384	shared	07cd80	
billboard/mon_silhouettes/seaking.png	48	32	384	shared	07d380	
billboard/mon_silhouettes/seedot.png	48	32	384	missing	-	
billboard/mon_silhouettes/seel.png	48	32	384	shared	095080	
billboard/mon_silhouettes/sentret.png	48	32	384	missing	-	
billboard/mon_silhouettes/sharpedo.png	48	32	384	missing	-	
billboard/mon_silhouettes/shedinja.png	48	32	384	missing	-	
billboard/mon_silhouettes/shellder.png	48	32	384	shared	095c80	
billboard/mon_silhouettes/shiftry.png	48	32	384	missing	-	
billboard/mon_silhouettes/shroomish.png	48	32	384	missing	-	
billboard/mon_silhouettes/shuckle.png	48	32	384	missing	-	
billboard/mon_silhouettes/silcoon.png	48	32	384	missing	-	
billboard/mon_silhouettes/skarmory.png	48	32	384	missing	-	
billboard/mon_silhouettes/skiploom.png	48	32	384	missing	-	
billboard/mon_silhouettes/skitty.png	48	32	384	missing	-	
billboard/mon_silhouettes/slaking.png	48	32	384	missing	-	
billboard/mon_silhouettes/slakoth.png	48	32	384	missing	-	
billboard/mon_silhouettes/slowbro.png	48	32	384	shared	09ae80	
billboard/mon_silhouettes/slowking.png	48	32	384	missing	-	
billboard/mon_silhouettes/slowpoke.png	48	32	384	shared	09ab80	
billboard/mon_silhouettes/slugma.png	48	32	384	missing	-	
billboard/mon_silhouettes/smeargle.png	48	32	384	missing	-	
billboard/mon_silhouettes/smoochum.png	48	32	384	missing	-	
billboard/mon_silhouettes/sneasel.png	48	32	384	missing	-	
billboard/mon_silhouettes/snorlax.png	48	32	384	shared	082b80	
billboard/mon_silhouettes/snubbull.png	48	32	384	missing	-	
billboard/mon_silhouettes/spearow.png	48	32	384	shared	0a4d80	
billboard/mon_silhouettes/spinarak.png	48	32	384	missing	-	
billboard/mon_silhouettes/spinda.png	48	32	384	missing	-	
billboard/mon_silhouettes/spoink.png	48	32	384	missing	-	
billboard/mon_silhouettes/squirtle.png	48	32	384	shared	0a9380	
billboard/mon_silhouettes/stantler.png	48	32	384	missing	-	
billboard/mon_silhouettes/starmie.png	48	32	384	shared	07d980	
billboard/mon_silhouettes/staryu.png	48	32	384	shared	07d680	
billboard/mon_silhouettes/steelix.png	48	32	384	missing	-	
billboard/mon_silhouettes/sudowoodo.png	48	32	384	missing	-	
billboard/mon_silhouettes/suicune.png	48	32	384	missing	-	
billboard/mon_silhouettes/sunflora.png	48	32	384	missing	-	
billboard/mon_silhouettes/sunkern.png	48	32	384	missing	-	
billboard/mon_silhouettes/surskit.png	48	32	384	missing	-	
billboard/mon_silhouettes/swalot.png	48	32	384	missing	-	
billboard/mon_silhouettes/swampert.png	48	32	384	missing	-	
billboard/mon_silhouettes/swellow.png	48	32	384	missing	-	
billboard/mon_silhouettes/swinub.png	48	32	384	missing	-	
billboard/mon_silhouettes/taillow.png	48	32	384	missing	-	
billboard/mon_silhouettes/tangela.png	48	32	384	shared	07c480	
billboard/mon_silhouettes/tauros.png	48	32	384	shared	07ee80	
billboard/mon_silhouettes/teddiursa.png	48	32	384	missing	-	
billboard/mon_silhouettes/tentacool.png	48	32	384	shared	099680	
billboard/mon_silhouettes/tentacruel.png	48	32	384	shared	099980	
billboard/mon_silhouettes/togepi.png	48	32	384	missing	-	
billboard/mon_silhouettes/togetic.png	48	32	384	missing	-	
billboard/mon_silhouettes/torchic.png	48	32	384	missing	-	
billboard/mon_silhouettes/torkoal.png	48	32	384	missing	-	
billboard/mon_silhouettes/totodile.png	48	32	384	missing	-	
billboard/mon_silhouettes/trapinch.png	48	32	384	missing	-	
billboard/mon_silhouettes/treecko.png	48	32	384	missing	-	
billboard/mon_silhouettes/typhlosion.png	48	32	384	missing	-	
billboard/mon_silhouettes/tyranitar.png	48	32	384	missing	-	
billboard/mon_silhouettes/tyrogue.png	48	32	384	missing	-	
billboard/mon_silhouettes/umbreon.png	48	32	384	missing	-	
billboard/mon_silhouettes/unown.png	48	32	384	missing	-	
billboard/mon_silhouettes/ursaring.png	48	32	384	missing	-	
billboard/mon_silhouettes/vaporeon.png	48	32	384	shared	081080	
billboard/mon_silhouettes/venomoth.png	48	32	384	shared	09c180	
billboard/mon_silhouettes/venonat.png	48	32	384	shared	0a2e80	
billboard/mon_silhouettes/venusaur.png	48	32	384	shared	0a8780	
billboard/mon_silhouettes/vibrava.png	48	32	384	missing	-	
billboard/mon_silhouettes/victreebell.png	48	32	384	shared	099380	
billboard/mon_silhouettes/vigoroth.png	48	32	384	missing	-	
billboard/mon_silhouettes/vileplume.png	48	32	384	shared	0a2580	
billboard/mon_silhouettes/volbeat.png	48	32	384	missing	-	
billboard/mon_silhouettes/voltorb.png	48	32	384	shared	090a80	
billboard/mon_silhouettes/vulpix.png	48	32	384	shared	0a0d80	
billboard/mon_silhouettes/wailmer.png	48	32	384	missing	-	
billboard/mon_silhouettes/wailord.png	48	32	384	missing	-	
billboard/mon_silhouettes/wartortle.png	48	32	384	shared	0a9680	
billboard/mon_silhouettes/weedle.png	48	32	384	shared	0aa580	
billboard/mon_silhouettes/weepinbell.png	48	32	384	shared	099080	
billboard/mon_silhouettes/weezing.png	48	32	384	shared	092880	
billboard/mon_silhouettes/whismur.png	48	32	384	missing	-	
billboard/mon_silhouettes/wigglytuff.png	48	32	384	shared	0a1680	
billboard/mon_silhouettes/wingull.png	48	32	384	missing	-	
billboard/mon_silhouettes/wobbuffet.png	48	32	384	missing	-	
billboard/mon_silhouettes/wooper.png	48	32	384	missing	-	
billboard/mon_silhouettes/wurmple.png	48	32	384	missing	-	
billboard/mon_silhouettes/xatu.png	48	32	384	missing	-	
billboard/mon_silhouettes/yanma.png	48	32	384	missing	-	
billboard/mon_silhouettes/zapdos.png	48	32	384	shared	088180	
billboard/mon_silhouettes/zigzagoon.png	48	32	384	missing	-	
billboard/mon_silhouettes/zubat.png	48	32	384	shared	0a1980	
billboard/slot/1000000points_off.png	48	32	384	shared	06dc80	
billboard/slot/1000000points_on.png	48	32	384	shared	06db00	
billboard/slot/100points_off.png	48	32	384	shared	06c180	
billboard/slot/100points_on.png	48	32	384	shared	06c000	
billboard/slot/2000000points_off.png	48	32	384	shared	06df80	
billboard/slot/2000000points_on.png	48	32	384	shared	06de00	
billboard/slot/200points_off.png	48	32	384	shared	06c480	
billboard/slot/200points_on.png	48	32	384	shared	06c300	
billboard/slot/3000000points_off.png	48	32	384	shared	06e280	
billboard/slot/3000000points_on.png	48	32	384	shared	06e100	
billboard/slot/300points_off.png	48	32	384	shared	06c780	
billboard/slot/300points_on.png	48	32	384	shared	06c600	
billboard/slot/30secondballsaver_off.png	48	32	384	shared	05c180	
billboard/slot/30secondballsaver_on.png	48	32	384	shared	05c000	
billboard/slot/4000000points_off.png	48	32	384	shared	06e580	
billboard/slot/4000000points_on.png	48	32	384	shared	06e400	
billboard/slot/400points_off.png	48	32	384	shared	06ca80	
billboard/slot/400points_on.png	48	32	384	shared	06c900	
billboard/slot/5000000points_off.png	48	32	384	shared	06e880	
billboard/slot/5000000points_on.png	48	32	384	shared	06e700	
billboard/slot/500points_off.png	48	32	384	shared	06cd80	
billboard/slot/500points_on.png	48	32	384	shared	06cc00	
billboard/slot/6000000points_off.png	48	32	384	shared	06eb80	
billboard/slot/6000000points_on.png	48	32	384	shared	06ea00	
billboard/slot/600points_off.png	48	32	384	shared	06d080	
billboard/slot/600points_on.png	48	32	384	shared	06cf00	
billboard/slot/60secondballsaver_off.png	48	32	384	shared	05c480	
billboard/slot/60secondballsaver_on.png	48	32	384	shared	05c300	
billboard/slot/7000000points_off.png	48	32	384	shared	06ee80	
billboard/slot/7000000points_on.png	48	32	384	shared	06ed00	
billboard/slot/700points_off.png	48	32	384	shared	06d380	
billboard/slot/700points_on.png	48	32	384	shared	06d200	
billboard/slot/8000000points_off.png	48	32	384	shared	06f180	
billboard/slot/8000000points_on.png	48	32	384	shared	06f000	
billboard/slot/800points_off.png	48	32	384	shared	06d680	
billboard/slot/800points_on.png	48	32	384	shared	06d500	
billboard/slot/9000000points_off.png	48	32	384	shared	06f480	
billboard/slot/9000000points_on.png	48	32	384	shared	06f300	
billboard/slot/900points_off.png	48	32	384	shared	06d980	
billboard/slot/900points_on.png	48	32	384	shared	06d800	
billboard/slot/90secondballsaver_off.png	48	32	384	shared	05c780	
billboard/slot/90secondballsaver_on.png	48	32	384	shared	05c600	
billboard/slot/big_off.png	48	32	384	shared	05d380	
billboard/slot/big_on.png	48	32	384	shared	05d200	
billboard/slot/bonusmultiplierX1_off.png	48	32	384	shared	0d7180	
billboard/slot/bonusmultiplierX1_on.png	48	32	384	shared	0d7000	
billboard/slot/bonusmultiplierX2_off.png	48	32	384	shared	0d7480	
billboard/slot/bonusmultiplierX2_on.png	48	32	384	shared	0d7300	
billboard/slot/bonusmultiplierX3_off.png	48	32	384	shared	0d7780	
billboard/slot/bonusmultiplierX3_on.png	48	32	384	shared	0d7600	
billboard/slot/bonusmultiplierX4_off.png	48	32	384	shared	0d7a80	
billboard/slot/bonusmultiplierX4_on.png	48	32	384	shared	0d7900	
billboard/slot/bonusmultiplierX5_off.png	48	32	384	shared	0d7d80	
billboard/slot/bonusmultiplierX5_on.png	48	32	384	shared	0d7c00	
billboard/slot/bonusmultiplier_off.png	48	32	384	shared	05e580	
billboard/slot/bonusmultiplier_on.png	48	32	384	shared	05e400	
billboard/slot/catchem_off.png	48	32	384	shared	05d680	
billboard/slot/catchem_on.png	48	32	384	shared	05d500	
billboard/slot/evolution_off.png	48	32	384	shared	05d980	
billboard/slot/evolution_on.png	48	32	384	shared	05d800	
billboard/slot/extraball_off.png	48	32	384	shared	058d80,05cd80,060d80,064d80	
billboard/slot/extraball_on.png	48	32	384	shared	058c00,05cc00,060c00,064c00	
billboard/slot/greatball_off.png	48	32	384	shared	05dc80	
billboard/slot/greatball_on.png	48	32	384	shared	05db00	
billboard/slot/masterball_off.png	48	32	384	shared	05e280	
billboard/slot/masterball_on.png	48	32	384	shared	05e100	
billboard/slot/pikachusaver_off.png	48	32	384	shared	058a80,05ca80,060a80,064a80	
billboard/slot/pikachusaver_on.png	48	32	384	shared	058900,05c900,060900,064900	
billboard/slot/slot_off.png	48	32	384	missing	-	
billboard/slot/slot_on.png	48	32	384	missing	-	
billboard/slot/small_off.png	48	32	384	shared	05d080	
billboard/slot/small_on.png	48	32	384	shared	05cf00	
billboard/slot/ultraball_off.png	48	32	384	shared	05df80	
billboard/slot/ultraball_on.png	48	32	384	shared	05de00	
copyright_text.png	64	64	1024	lang_specific(sig=64)	157000,157400,157800,158000,158800	* = parallel-bank speculation
erase_all_data.png	48	64	768	shared	113d00	
field_select/arrow.png	8	8	16	missing	-	
field_select/blinking_border.png	32	32	256	shared	0cb200,0df000,0e3000,103000	
field_select/field_select_tiles_hoenn.png	128	72	2304	missing	-	
field_select/field_select_tiles_johto.png	64	152	2432	missing	-	
field_select/field_select_tiles_kanto.png	88	112	2464	missing	-	
high_scores/hexadecimal_characters.png	16	256	1024	shared	0c7b00	
high_scores/high_scores_base_gameboy_hoenn.png	128	192	6144	lang_specific(sig=256)	104000	* = parallel-bank speculation
high_scores/high_scores_base_gameboy_johto.png	128	192	6144	lang_specific(sig=256)	104000	* = parallel-bank speculation
high_scores/high_scores_base_gameboy_kanto.png	128	192	6144	shared	104000	
key_config/ball_start_text.png	72	8	144	lang_specific(sig=64)	114da0,118d80,108da0*,10cda0*,110da0*,118da0*,120da0*,10cd80*,110d80*,114d80*,11cd80*,120d80*	* = parallel-bank speculation
key_config/icons.png	32	40	320	shared	10e900,115100,116900	
key_config/key_config_text.png	64	8	128	missing	-	
key_config/left_flipper_text.png	72	8	144	shared	118df0	
key_config/menu_text.png	56	8	112	missing	-	
key_config/reset_text.png	48	8	96	lang_specific(sig=64)	10e540,114d60,118d40,102540*,106540*,10a540*,112540*,116540*,11a540*,108d60*,10cd60*,110d60*,118d60*,11cd60*,120d60*,10cd40*,110d40*,114d40*,11cd40*,120d40*	* = parallel-bank speculation
key_config/right_flipper_text.png	72	8	144	shared	118e80	
key_config/tilt_text.png	128	8	256	missing	-	
option_menu/arrow.png	8	16	32	shared	10c200,10da00,114200,115a00	
option_menu/bgm_se_text.png	24	40	240	lang_specific(sig=64)	114c90,118c70,108c90*,10cc90*,110c90*,118c90*,11cc90*,120c90*,10cc70*,110c70*,114c70*,11cc70*,120c70*	* = parallel-bank speculation
option_menu/blank.png	32	64	512	shared	002e17,002e18,002e19,002e1a	
option_menu/blank2.png	8	40	80	shared	000063,000064,000065,000066	
option_menu/blank3.png	8	56	112	shared	000063,000064,000065,000066	
option_menu/blank4.png	16	24	96	shared	000063,000064,000065,000066	
option_menu/bold_arrow.png	8	8	16	shared	10c7c0,10dfc0,1147c0,115fc0	
option_menu/bouncing_pokeball.png	24	32	192	shared	10c280,10da80,114280,115a80	
option_menu/key_co_text.png	40	8	80	shared	118a60	
option_menu/nfig_text.png	24	8	48	shared	118ab0	
option_menu/on_off_text.png	16	16	64	missing	-	
option_menu/option_text.png	48	8	96	shared	118820	
option_menu/pika_bubble.png	16	24	96	shared	10c220,10da20,114220,115a20	
option_menu/pikachu.png	24	40	240	shared	10c880,10e080,114880,116080	
option_menu/psyduck.png	48	80	960	shared	10c400,10dc00,114400,115c00	
option_menu/psyduck_feet.png	24	24	144	shared	10c970,10e170,114970,116170	
option_menu/rumble_pikachu_animation.png	24	32	192	shared	10c340,10db40,114340,115b40	
option_menu/rumble_text.png	48	8	96	missing	-	
option_menu/solid_colors.png	8	40	80	shared	10c7d0,10dfd0,1147d0,115fd0	
option_menu/sound_test_digits.png	32	32	256	shared	10cb70,10e370,114b70,116370	
option_menu/sound_test_text.png	72	8	144	shared	118ae0	
pokedex/characters.interleave.png	128	256	8192	missing	-	
pokedex/pokedex_initial.png	128	192	6144	lang_specific(sig=256)	105800,108000,109800,110000,111800	* = parallel-bank speculation
pokedex/uncaught_pokemon.png	48	32	384	shared	089500,089680	
select_gb_target_text.png	64	64	1024	shared	15a000	
sgb_border.interleave.png	128	128	4096	lang_specific(sig=256)	038166	* = parallel-bank speculation
sgb_border_blank.png	128	128	4096	shared	0066fe,0066ff,006700,006701	
stage/again_off.png	32	8	64	shared	156440	
stage/alphabet_1.png	16	104	416	shared	034000,06f700,08b100,10b100	
stage/alphabet_2.png	16	104	416	shared	034200,0b4100,10f100,113100	
stage/apostrophe_color.png	8	8	16	shared	0343d0,034b40,034d40,035220	
stage/apostrophe_mono.png	8	8	16	shared	0341d0,035940,035b40,036020	
stage/ball_capture_smoke.interleave.png	32	48	384	shared	0c8800	
stage/ball_greatball.w32.interleave.png	32	64	512	missing	-	
stage/ball_greatball_mini.w32.interleave.png	32	64	512	missing	-	
stage/ball_greatball_shake.w16.interleave.png	16	16	64	missing	-	
stage/ball_gsball.w32.interleave.png	32	64	512	missing	-	
stage/ball_gsball_mini.w32.interleave.png	32	64	512	missing	-	
stage/ball_gsball_shake.w16.interleave.png	16	16	64	missing	-	
stage/ball_masterball.w32.interleave.png	32	64	512	shared	0c8e00	
stage/ball_masterball_mini.w32.interleave.png	32	64	512	shared	0c9600	
stage/ball_masterball_shake.w16.interleave.png	16	16	64	shared	0c8340	
stage/ball_mini.w32.interleave.png	32	64	512	shared	0c9800	
stage/ball_pokeball.w32.interleave.png	32	64	512	shared	0c8400	
stage/ball_pokeball_mini.w32.interleave.png	32	64	512	shared	0c9000	
stage/ball_pokeball_shake.w16.interleave.png	16	16	64	shared	0c8380	
stage/ball_ultraball.w32.interleave.png	32	64	512	missing	-	
stage/ball_ultraball_mini.w32.interleave.png	32	64	512	missing	-	
stage/ball_ultraball_shake.w16.interleave.png	16	16	64	missing	-	
stage/blue_bottom/blue_bottom_1.png	128	128	4096	shared	0bb000,0bd000,0bf000,0c3000	
stage/blue_bottom/blue_bottom_base_gameboy.png	128	128	4096	lang_specific(sig=256)	035500,06f600,073000,077000,07b000,07f000,083000,087000	* = parallel-bank speculation
stage/blue_bottom/blue_bottom_base_gameboycolor.png	128	128	4096	shared	0c4000	
stage/blue_top/blue_top_1.png	16	152	608	shared	154fa0	
stage/blue_top/blue_top_2.png	32	64	512	shared	155200	
stage/blue_top/blue_top_3.png	16	104	416	shared	154e00	
stage/blue_top/blue_top_4.png	128	128	4096	shared	0b3000	
stage/blue_top/blue_top_base_gameboy.png	16	856	3424	shared	0732a0	
stage/blue_top/blue_top_base_gameboycolor.png	16	856	3424	shared	0b22a0	
stage/blue_top/status_bar_symbols_gameboy.png	32	32	256	shared	035500,06f600,073000,077000	
stage/blue_top/status_bar_symbols_gameboycolor.png	32	32	256	shared	034700,0ac000,0ae000,0b0000	
stage/breeding_progress_icon.png	16	8	32	missing	-	
stage/catch.w48.png	48	8	96	shared	156480	
stage/caught_pokeball.png	16	8	32	shared	156760,15af60,15b360,15b760	
stage/colon_color.png	8	8	16	shared	0343e0,034858,034860,034a40	
stage/colon_mono.png	8	8	16	shared	0341e0,035658,035660,035840	
stage/diglett_bonus/diglett_bonus_base_gameboy.png	104	128	3328	shared	10b000	
stage/diglett_bonus/diglett_bonus_base_gameboycolor.png	104	128	3328	shared	113000	
stage/diglett_bonus/dugtrio_1.png	16	152	608	shared	1548a0	
stage/diglett_bonus/dugtrio_2.png	16	24	96	shared	154b00	
stage/diglett_bonus/dugtrio_3.png	16	104	416	shared	154700	
stage/diglett_bonus/dugtrio_4.png	40	64	640	shared	154b60	
stage/e_acute_color.png	8	8	16	missing	-	
stage/e_acute_mono.png	8	8	16	missing	-	
stage/evolution_progress_icons.png	128	8	256	lang_specific(sig=128)	156680,15ae80,15b280,15b680,15be80,14e680*,15e680*,15ee80*,14f280*,157280*,14f680*,157680*,15f680*	* = parallel-bank speculation
stage/exclamation_point_color.png	8	8	16	shared	0343a0,034840,034b30,034c50	
stage/exclamation_point_mono.png	8	8	16	shared	0341a0,035640,035930,035a50	
stage/flipper.png	24	48	288	shared	0c8600	
stage/gengar_bonus/gastly.interleave.png	32	48	384	shared	0e3e00	
stage/gengar_bonus/gengar.interleave.png	32	224	1792	shared	154000	
stage/gengar_bonus/gengar_bonus_1.png	128	128	4096	shared	0b5000	
stage/gengar_bonus/gengar_bonus_base_gameboy.png	128	128	4096	shared	08b000	
stage/gengar_bonus/gengar_bonus_base_gameboycolor.png	128	128	4096	shared	0b4000	
stage/gengar_bonus/gengar_ground.png	32	56	448	shared	103e00	
stage/gengar_bonus/haunter.interleave.png	32	96	768	shared	15c000	
stage/gold_bottom/gold_bottom_5.png	128	128	4096	missing	-	
stage/gold_bottom/gold_bottom_base_gameboy.png	128	128	4096	lang_specific(sig=256)	035500,06f600,073000,077000,07b000,07f000,083000,087000	* = parallel-bank speculation
stage/gold_bottom/gold_bottom_base_gameboycolor.png	128	128	4096	lang_specific(sig=256)	034700,0ac000,0ae000,0b0000,0b2000,0b4000,0b6000,0b8000	* = parallel-bank speculation
stage/gold_top/gold_top_1.png	16	152	608	missing	-	
stage/gold_top/gold_top_2.png	32	64	512	missing	-	
stage/gold_top/gold_top_3.png	16	104	416	missing	-	
stage/gold_top/gold_top_4.png	128	128	4096	missing	-	
stage/gold_top/gold_top_5.png	32	64	512	missing	-	
stage/gold_top/gold_top_6.png	16	16	64	shared	15ec80	
stage/gold_top/gold_top_base_gameboy.png	16	856	3424	shared	0932a0	
stage/gold_top/gold_top_base_gameboycolor.png	16	856	3424	missing	-	
stage/gold_top/status_bar_symbols_gameboycolor.png	32	32	256	shared	034700,0ac000,0ae000,0b0000	
stage/menu_symbols.png	72	8	144	shared	034400	
stage/meowth_bonus/meowth_1.png	16	152	608	shared	1499a0	
stage/meowth_bonus/meowth_2.png	16	24	96	shared	149c00	
stage/meowth_bonus/meowth_3.png	16	104	416	shared	149800	
stage/meowth_bonus/meowth_4.png	48	72	864	shared	149c60	
stage/meowth_bonus/meowth_bonus_base_gameboy.png	80	128	2560	shared	06f600	
stage/meowth_bonus/meowth_bonus_base_gameboycolor.png	96	96	2304	shared	11e700	
stage/mewtwo_bonus/mewtwo_1.png	16	152	608	shared	1471a0	
stage/mewtwo_bonus/mewtwo_2.png	16	24	96	shared	147400	
stage/mewtwo_bonus/mewtwo_3.png	16	104	416	shared	147000	
stage/mewtwo_bonus/mewtwo_4.png	48	56	672	shared	147460	
stage/mewtwo_bonus/mewtwo_bonus_base_gameboy.png	104	128	3328	shared	117000	
stage/mewtwo_bonus/mewtwo_bonus_base_gameboycolor.png	104	128	3328	shared	10f000	
stage/period_color.png	8	8	16	shared	0343b0,034850,034950,034d50	
stage/period_mono.png	8	8	16	shared	0341b0,035650,035750,035b50	
stage/pikachu_saver.png	16	56	224	shared	0c8720	
stage/red_bottom/japanese_characters.png	64	64	1024	shared	155400	
stage/red_bottom/japanese_characters_2.png	32	64	512	shared	155800	
stage/red_bottom/red_bottom_5.png	128	128	4096	shared	0ad000,0af000,0b7000,0b9000	
stage/red_bottom/red_bottom_base_gameboy.png	128	128	4096	lang_specific(sig=256)	035500,06f600,073000,077000,07b000,07f000,083000,087000	* = parallel-bank speculation
stage/red_bottom/red_bottom_base_gameboycolor.png	128	128	4096	shared	0ac000	
stage/red_bottom/red_bottom_indicators_gameboy.png	128	384	12288	lang_specific(sig=256)	0d4000	* = parallel-bank speculation
stage/red_top/red_top_1.png	16	152	608	shared	155ba0	
stage/red_top/red_top_2.png	32	64	512	shared	155e00	
stage/red_top/red_top_3.png	16	104	416	shared	155a00	
stage/red_top/red_top_4.png	128	128	4096	shared	0b1000	
stage/red_top/red_top_5.png	32	64	512	shared	15d800	
stage/red_top/red_top_6.png	16	16	64	shared	15ec80	
stage/red_top/red_top_base_gameboy.png	16	856	3424	shared	0932a0	
stage/red_top/red_top_base_gameboycolor.png	16	856	3424	shared	0b02a0	
stage/red_top/status_bar_symbols_gameboy.png	32	32	256	shared	035500,06f600,073000,077000	
stage/red_top/status_bar_symbols_gameboycolor.png	32	32	256	shared	034700,0ac000,0ae000,0b0000	
stage/roaming_dogs_mini.interleave.png	16	48	192	missing	-	
stage/roaming_dogs_portal.interleave.png	24	32	192	missing	-	
stage/ruby_bottom/ruby_bottom_5.png	128	128	4096	missing	-	
stage/ruby_bottom/ruby_bottom_base_gameboy.png	128	128	4096	lang_specific(sig=256)	035500,06f600,073000,077000,07b000,07f000,083000,087000	* = parallel-bank speculation
stage/ruby_bottom/ruby_bottom_base_gameboycolor.png	128	128	4096	lang_specific(sig=256)	034700,0ac000,0ae000,0b0000,0b2000,0b4000,0b6000,0b8000	* = parallel-bank speculation
stage/ruby_top/ruby_top_1.png	16	152	608	missing	-	
stage/ruby_top/ruby_top_2.png	32	64	512	missing	-	
stage/ruby_top/ruby_top_3.png	16	104	416	missing	-	
stage/ruby_top/ruby_top_4.png	128	128	4096	missing	-	
stage/ruby_top/ruby_top_5.png	32	64	512	missing	-	
stage/ruby_top/ruby_top_6.png	16	16	64	shared	15ec80	
stage/ruby_top/ruby_top_base_gameboy.png	16	856	3424	shared	0932a0	
stage/ruby_top/ruby_top_base_gameboycolor.png	16	856	3424	missing	-	
stage/ruby_top/status_bar_symbols_gameboycolor.png	32	32	256	shared	034700,0ac000,0ae000,0b0000	
stage/sapphire_bottom/sapphire_bottom_1.png	128	128	4096	missing	-	
stage/sapphire_bottom/sapphire_bottom_base_gameboy.png	128	128	4096	lang_specific(sig=256)	035500,06f600,073000,077000,07b000,07f000,083000,087000	* = parallel-bank speculation
stage/sapphire_bottom/sapphire_bottom_base_gameboycolor.png	128	128	4096	lang_specific(sig=256)	034700,0ac000,0ae000,0b0000,0b2000,0b4000,0b6000,0b8000	* = parallel-bank speculation
stage/sapphire_top/sapphire_top_1.png	16	152	608	missing	-	
stage/sapphire_top/sapphire_top_2.png	32	64	512	missing	-	
stage/sapphire_top/sapphire_top_3.png	16	104	416	missing	-	
stage/sapphire_top/sapphire_top_4.png	128	128	4096	shared	0b3000	
stage/sapphire_top/sapphire_top_base_gameboy.png	16	856	3424	shared	0732a0	
stage/sapphire_top/sapphire_top_base_gameboycolor.png	16	856	3424	missing	-	
stage/sapphire_top/status_bar_symbols_gameboycolor.png	32	32	256	shared	034700,0ac000,0ae000,0b0000	
stage/saver_off.png	32	8	64	shared	0772a0,09b2a0,0ac2a0,0c42a0	
stage/seel_bonus/seel_1.png	16	152	608	shared	11d6a0	
stage/seel_bonus/seel_2.png	16	24	96	shared	11d900	
stage/seel_bonus/seel_3.png	16	104	416	shared	11d500	
stage/seel_bonus/seel_4.png	16	296	1184	shared	11d960	
stage/seel_bonus/seel_bonus_base_gameboy.png	96	128	3072	shared	11b000	
stage/seel_bonus/seel_bonus_base_gameboycolor.png	80	128	2560	shared	11cb00	
stage/shared/arrows.png	16	32	128	shared	0d3f00	
stage/shared/bonus_slot_glow.png	16	88	352	shared	0dfe00	
stage/shared/bonus_slot_glow_2.png	8	16	32	shared	0dffe0	
stage/shared/breeding_trinket.png	8	16	32	missing	-	
stage/shared/evolution_trinkets.png	8	128	256	lang_specific(sig=128)	0dbf00,15e480,15e880,15e980,15ea80,0cff00*,0d3f00*,0d7f00*,0dff00*,0e3f00*,156480*,152880*,152980*	* = parallel-bank speculation
stage/shared/pika_bolt.png	8	32	64	shared	0c83c0	
stage/silver_bottom/silver_bottom_1.png	128	128	4096	missing	-	
stage/silver_bottom/silver_bottom_base_gameboy.png	128	128	4096	lang_specific(sig=256)	035500,06f600,073000,077000,07b000,07f000,083000,087000	* = parallel-bank speculation
stage/silver_bottom/silver_bottom_base_gameboycolor.png	128	128	4096	lang_specific(sig=256)	034700,0ac000,0ae000,0b0000,0b2000,0b4000,0b6000,0b8000	* = parallel-bank speculation
stage/silver_top/silver_top_1.png	16	152	608	missing	-	
stage/silver_top/silver_top_2.png	32	64	512	missing	-	
stage/silver_top/silver_top_3.png	16	104	416	missing	-	
stage/silver_top/silver_top_4.png	128	128	4096	shared	0b3000	
stage/silver_top/silver_top_base_gameboy.png	16	856	3424	shared	0732a0	
stage/silver_top/silver_top_base_gameboycolor.png	16	856	3424	missing	-	
stage/silver_top/status_bar_symbols_gameboycolor.png	32	32	256	shared	034700,0ac000,0ae000,0b0000	
stage/timer_digits.png	8	176	352	shared	107e00,15de00	
stage/unused_evolution_text.png	208	8	416	shared	1564e0,15ace0,15b0e0,15b4e0	
stage/unused_stage.png	128	128	4096	shared	08f000	
titlescreen/bouncing_pokeball.png	24	24	144	shared	0cc460,0cdc60,0d0460,0d1c60	
titlescreen/titlescreen.png	128	192	6144	missing	-	
titlescreen/titlescreen_fade_in.png	128	192	6144	missing	-	
unused_pocket_monster.png	48	32	384	shared	073100,093100	
unused_pocket_monster_2.png	48	32	384	shared	0b0100,0b2100	
